﻿{
  "CloudDataExportAPI": {
    "Endpoint": "https://eosclouddataexportapimeus.azure-api.net/EosDataPipelineFuncaEus/",
    "AccessKey": "2RfZlEwwuLECef35zgDpsRpUZjquyWoLBzaNq2dJWjBnUQfynDDVqBUlL7VM8MYubPcrqbq1N6A7ASeahS3xpg==",
    "Ocp-Apim-Subscription-Key": "0d45db3c773b4bc2ba0fb21696127e45"
  },
  "EoStarDbConnectionString": "Server=tcp:eos-dev-datapipeline-srv-eus-01.database.windows.net,1433;Initial Catalog=eos-dev-datapipeline-db-wright;Persist Security Info=False;User ID=eostar;Password=Rutherford1;MultipleActiveResultSets=False;Connection Timeout=60;"
}