﻿{
  "CloudDataExportAPI": {
    "Endpoint": "https://eos-qa-apim2-eus-01.azure-api.net/CloudExport/",
    //"AccessKey": "GnOVPrLfQ1W77mI+kZ/CHeu5FxbiSCphi3ZWWsSb8eqxHZk9t0A3PHbVJJQ7sH/TaGiqjuT9W3dFpxSBpwja5g==",
    "AccessKey": "wfHoZWrM2qp2RoPXIM6n+pz4d6Zi9atENHUT2whP5BE3txYbRlcvTOLrMOsAiZs8Bz1dAzlErPLUrDwjNP1mUQ==",
    "Ocp-Apim-Subscription-Key":"e1ae287b49384d23b259d7c83aa76d04"
  },
  "EoStarDbConnectionString": "Server=tcp:eos-dev-datapipeline-srv-eus-01.database.windows.net,1433;Initial Catalog=eos-dev-datapipeline-db-wright;Persist Security Info=False;User ID=eostar;Password=Rutherford1;MultipleActiveResultSets=False;Connection Timeout=60;"
  }